question,answer
What is the admission process for B.Tech at MGIT?,Admission to B.Tech programs at MGIT is through TS EAMCET. Candidates must qualify and participate in counseling.
Does MGIT offer direct admission without entrance exams?,MGIT offers management quota (B Category) admissions which may not require entrance exams.
What are the eligibility criteria for B.Tech courses at MGIT?,Candidates must have completed 10+2 with PCM and qualify in TS EAMCET.
How can I apply for M.Tech at MGIT?,Admission to M.Tech programs is through TS PGECET or GATE scores.
Is there an online application process for MGIT admissions?,"Yes, candidates can apply online through the official MGIT website."
What documents are required for MGIT admission?,"Documents include TS EAMCET rank card, hall ticket, 10th and 12th marksheets, TC, and photos."
When does the admission process start at MGIT?,It begins after TS EAMCET/PGECET results and involves counseling.
Can NRI students apply to MGIT?,"Yes, MGIT has provisions for NRI admissions under a special quota."
Does MGIT conduct its own entrance exam?,"No, MGIT bases admissions on TS EAMCET and PGECET scores."
Are there reserved seats for minorities at MGIT?,"Yes, MGIT follows Telangana Government's reservation policies."
What is the annual tuition fee for B.Tech at MGIT?,"₹1,60,000 along with a ₹5,500 library fee."
What is the accommodation fee at MGIT?,"₹84,960 per year including accommodation and food."
Are there additional fees apart from tuition and hostel fees?,"Yes, there may be exam, lab, and other fees."
Is there a fee waiver for meritorious students?,"Yes, scholarships and concessions are offered based on performance."
What is the application fee for MGIT?,"₹3,000 (non-refundable) per category (Management or NRI)."
Can the tuition fee be paid in installments?,Contact the admissions office for the latest fee policy.
Are scholarships available for SC/ST students?,"Yes, as per government and college provisions."
Does MGIT offer financial aid for economically weaker sections?,"Yes, subject to eligibility and availability."
Is hostel fee refundable on mid-year exit?,Refunds are as per hostel rules and policies.
Are there penalties for late fee payment?,"Yes, late payments may incur penalties as per rules."
Are there penalties for late fee payment?,"Yes, late payments may incur penalties as per MGIT's fee policies."
What B.Tech programs are available at MGIT?,"MGIT offers B.Tech in CSE, IT, ECE, EEE, Mechanical, Civil, Mechatronics, and Metallurgy."
Does MGIT offer M.Tech programs?,"Yes, MGIT offers M.Tech in various specializations with admissions through GATE or TS PGECET."
Are there any diploma courses at MGIT?,MGIT mainly offers undergraduate and postgraduate engineering programs.
Does MGIT offer any honors or minor degree programs?,"Yes, MGIT offers minor and honors degrees in various engineering streams."
Are part-time courses available for working professionals?,"Yes, MGIT provides flexible learning options for working professionals."
What is the duration of B.Tech programs at MGIT?,B.Tech programs have a duration of 4 years.
Are interdisciplinary courses available?,"Yes, MGIT promotes interdisciplinary learning across departments."
Does MGIT offer online courses?,MGIT offers online certification and learning options in collaboration with platforms like NPTEL.
Are communication skills courses available?,"Yes, MGIT offers soft skills and communication training for placements."
Can students choose electives from other departments?,"Yes, elective options across departments are available based on curriculum guidelines."
Does MGIT provide hostel facilities?,"Yes, MGIT provides separate hostels for boys and girls with amenities."
What facilities are available in MGIT hostels?,"Hostels include furnished rooms, internet, gym, indoor games, and a mess."
Is hostel stay mandatory?,"No, hostel stay is optional at MGIT."
How is hostel room allotment done?,Rooms are allotted based on availability and first-come-first-serve.
Are there any rules for hostel students?,"Yes, hostel residents must follow college and hostel rules strictly."
Is 24/7 security available in MGIT hostels?,"Yes, security is provided around the clock for hostel students."
Are guests allowed in MGIT hostels?,"No, guests are not typically allowed in student hostels."
Is laundry service provided in MGIT hostels?,Laundry services are available for students in the hostels.
Can students choose between AC and non-AC rooms?,Room preferences like AC/non-AC may be available based on demand and availability.
What companies visit MGIT for placements?,"Companies like Infosys, TCS, Wipro, Capgemini, Accenture, and Cognizant visit MGIT for campus placements."
What is the average package offered at MGIT?,The average package ranges from ₹4-6 LPA depending on the department and performance.
Does MGIT have a dedicated placement cell?,"Yes, MGIT has a dedicated Training and Placement Cell that supports students throughout the placement process."
Are internships provided by MGIT?,"Yes, MGIT facilitates internships through tie-ups with industry partners."
Are pre-placement talks conducted?,"Yes, companies conduct pre-placement talks to explain their roles, expectations, and recruitment process."
Does MGIT help students prepare for placements?,"Yes, training in aptitude, communication, coding, and interviews is provided by the placement cell."
Which branch has the highest placement record at MGIT?,CSE and IT branches typically have the highest placement rates at MGIT.
Is off-campus placement support provided?,"Yes, MGIT also encourages students to participate in off-campus drives and provides support for the same."
Are alumni involved in placement activities?,"Yes, MGIT alumni contribute to training and mentoring students for placements."
What is the highest package offered at MGIT?,The highest package offered can go up to ₹15 LPA depending on the company and candidate.
Does MGIT have industry collaborations?,"Yes, MGIT has collaborations with several industries and research institutions."
What kind of labs and facilities are available?,"MGIT has state-of-the-art labs for every department including computing, mechanical, electronics, etc."
Is there a central library in MGIT?,"Yes, MGIT has a well-stocked central library with books, journals, and digital resources."
Does MGIT conduct tech fests and events?,"Yes, MGIT regularly organizes technical fests, hackathons, and seminars for student engagement."
Is there a student council at MGIT?,"Yes, a student council represents student interests and helps in organizing events."
Are there any student clubs at MGIT?,"Yes, MGIT has various technical, cultural, and sports clubs for students."
Does MGIT provide transportation facilities?,"Yes, MGIT offers bus services covering different parts of Hyderabad."
Is MGIT affiliated to any university?,"Yes, MGIT is affiliated to Jawaharlal Nehru Technological University, Hyderabad (JNTUH)."
Is MGIT accredited by NAAC or NBA?,"Yes, MGIT is accredited by NAAC and several departments are accredited by NBA."
What is the ranking of MGIT among engineering colleges?,"MGIT is consistently ranked among the top engineering colleges in Telangana".
What is the mode of instruction at MGIT?,"The primary mode of instruction is English."
Does MGIT offer evening or weekend classes?,"No, MGIT follows a regular weekday schedule for all programs."
Is there a counselling cell for students at MGIT?,"Yes, MGIT provides academic and psychological counselling support."
Are final year students required to do a project?,"Yes, project work is mandatory in the final year for all B.Tech and M.Tech students."
Does MGIT offer any language learning support?,"Yes, MGIT offers English communication and foreign language programs."
Are students allowed to use laptops in class?,"Yes, for academic purposes and as per faculty guidelines."
Are bridge courses conducted for first-year students?,"Yes, MGIT offers bridge courses to help students adjust to the engineering curriculum."
How are exams conducted at MGIT?,"Exams follow JNTUH regulations with internal assessments and semester-end exams."
Can I change my branch after admission?,"Branch change is subject to availability and university regulations after the first year."
Is MGIT a co-educational institution?,"Yes, MGIT is a co-educational engineering college."
Are there parent-teacher meetings?,"Yes, periodic parent-teacher meetings are organized to discuss student progress."
Are students encouraged to publish research?,"Yes, MGIT supports student research and publications in journals and conferences."
Does MGIT support competitive exam prep like GATE or GRE?,"Yes, special training sessions for GATE and GRE are organized."
Can I visit the campus before applying?,"Yes, prospective students and parents can schedule a campus visit."
What is the process for withdrawal of admission?,"You need to submit a withdrawal request; refunds are as per AICTE norms."
Is biometric attendance used?,"Yes, MGIT uses biometric attendance tracking."
Are study materials provided by the college?,"Yes, departments share academic resources and references."
Can I join MGIT in the second year through lateral entry?,"Yes, diploma holders can join the second year via TS ECET."
Are there on-campus banking facilities?,"Yes, MGIT has tie-ups with banks for student convenience."
Is ragging strictly prohibited?,"Absolutely, MGIT enforces zero tolerance for ragging."
Is MGIT approved by AICTE?,"Yes, MGIT is approved by the All India Council for Technical Education (AICTE)."
Does MGIT offer M.Tech programs?,"Yes, MGIT offers postgraduate M.Tech programs in various disciplines."
What is the eligibility criteria for B.Tech?,"You must have passed 10+2 with Physics, Chemistry, and Mathematics and qualified TS EAMCET."
What is the eligibility for M.Tech at MGIT?,"Candidates must have a relevant B.E/B.Tech degree and should qualify in GATE or PGECET."
Does MGIT offer scholarships?,"Yes, MGIT supports government scholarships like E-PASS and private scholarships based on merit."
How can I contact MGIT for admission queries?,"You can call the admission cell or email admissions@mgit.ac.in for queries."
Is there a dedicated helpdesk during admission season?,"Yes, MGIT sets up a dedicated admission helpdesk for new applicants."
Does MGIT have a grievance redressal cell?,"Yes, MGIT has a grievance redressal cell to resolve student concerns."
Can international students apply to MGIT?,"Yes, international students can apply through the DASA or ICCR schemes."
Is there a management quota at MGIT?,"Yes, a limited number of seats are filled under the management quota."
How many seats are available under management quota?,"Each branch has a specific percentage of seats allocated for management admissions."
How do I apply under management quota?,"You need to contact the college directly for management quota admissions."
Is there an entrance exam for management quota at MGIT?,"No entrance exam is required; admission is based on marks and counseling by college."
Can I transfer to MGIT from another college?,"Transfers are possible subject to availability and university approval."
What documents are required for admission?,"You need 10th, 12th marksheets, transfer certificate, EAMCET/ECET rank card, ID proof, and photos."
When does the academic year start at MGIT?,"The academic year generally starts in August, as per JNTUH academic calendar."
Can I apply online for MGIT?,"Yes, online applications can be submitted through the official website."
Does MGIT offer lateral entry for diploma students?,"Yes, diploma holders can join the second year B.Tech via TS ECET."
Is there a separate fee for management quota?,"Yes, the fee under management quota may differ from the regular EAMCET fee."
Are there any special quotas like NCC or sports?,"Yes, MGIT follows TS EAMCET guidelines for special category admissions like NCC, sports, etc."
What is the library facility like at MGIT?,"MGIT has a central library with over 30,000 books, digital resources, and reading rooms."
Are there any student clubs or societies at MGIT?,"Yes, MGIT has technical, cultural, and social clubs for student engagement."
Does MGIT have an NSS unit?,"Yes, MGIT actively participates in NSS activities and social service programs."
Is internship mandatory at MGIT?,"Yes, students are encouraged to undergo internships, especially in the pre-final year."
Does MGIT conduct workshops and seminars?,"Yes, frequent workshops, seminars, and guest lectures are conducted by industry experts."
What languages are commonly used at MGIT?,"English is the official language for communication and instruction."
Is there any entrance test for lateral entry students?,"Yes, diploma holders must qualify TS ECET for lateral entry into B.Tech."
Are girls allowed to stay in the hostel?,"Yes, MGIT provides secure hostel facilities for girl students."
Is transport available for hostel students?,"Yes, transportation is available for hostel students to travel locally."
What is the procedure after getting a seat via EAMCET?,"You must report to the college with documents and pay the admission fee."
Can I apply to MGIT without EAMCET?,"Yes, through the management quota you can apply without EAMCET."
How is the campus environment at MGIT?,"MGIT offers a green, peaceful, and student-friendly learning environment."
Are students allowed to use mobile phones on campus?,"Use of phones is restricted during lectures but allowed in common areas."
Are there any language labs at MGIT?,"Yes, MGIT has a digital language lab to enhance communication skills."
Can parents meet faculty members at MGIT?,"Yes, parent-teacher interactions are scheduled to discuss student performance."
What kind of food is served in the hostel mess?,"Both vegetarian and non-vegetarian food is served with good hygiene standards."
What is the hostel fee structure at MGIT?,"Hostel fees vary annually and include accommodation and mess charges."
Can students access the internet in the hostel?,"Yes, Wi-Fi connectivity is available in hostel areas as well."
Are day scholars allowed to use hostel facilities?,"No, hostel facilities are reserved for resident students only."
How do I reach MGIT campus from Hyderabad?,"You can take a bus, cab, or college transport from Hyderabad to Gandipet."
Does MGIT have a gymnasium?,"Yes, MGIT has a well-equipped gymnasium for students and faculty."
Is there a uniform for students at MGIT?,"No, there is no formal uniform, but students are expected to dress in a professional manner."
How does MGIT support entrepreneurship?,"MGIT has an Entrepreneurship Development Cell (EDC) that guides and supports student startups."
Does MGIT offer any online courses?,"Yes, MGIT offers online certification courses in collaboration with platforms like Coursera and edX."
How are hostel rooms allotted?,"Hostel rooms are allotted on a first-come, first-served basis, with priority to outstation students."
Are there any extracurricular activities at MGIT?,"Yes, MGIT hosts several extracurricular events like sports, music, and cultural activities."
How many students are there in each class at MGIT?,"The average class strength is around 60 to 80 students per section."
Is MGIT involved in any social responsibility programs?,"Yes, MGIT has several initiatives like blood donation drives and environmental campaigns."
Does MGIT offer industry visits as part of the curriculum?,"Yes, MGIT organizes industry visits as part of the curriculum to provide practical exposure."
How does MGIT promote research among students?,"MGIT encourages students to participate in research projects, publish papers, and attend conferences."
Is there a mentorship program at MGIT?,"Yes, faculty mentors are assigned to students to guide them in academics and career."
What is the fee structure for M.Tech courses at MGIT?,"The fee for M.Tech courses is different from B.Tech and can be found on the official website."
Are scholarships available for M.Tech students?,"Yes, M.Tech students can avail scholarships from government and private bodies."
Does MGIT offer a PhD program?,"Yes, MGIT offers PhD programs in various engineering and technology fields."
How are the hostel facilities for international students?,"MGIT provides separate hostel accommodations for international students with necessary facilities."
Are students allowed to leave the campus during weekdays?,"Yes, students can leave the campus during weekends or after class hours with prior permission."
What is the student-faculty ratio at MGIT?,"The student-faculty ratio at MGIT is around 15:1."
What are the opportunities for students to interact with industry professionals?,"MGIT regularly organizes guest lectures, industry visits, and internships for student-industry interactions."
Are there any events for freshers at MGIT?,"Yes, MGIT organizes a fresher's party and orientation for new students every academic year."
How is the campus placement process conducted at MGIT?,"The placement process includes pre-placement training, mock interviews, and on-campus interviews with companies."
what is the  collage fees or cost per annum?,"The fees per annum is 1,60,000 plus 5,500 library fees." 
what is the transport fees per year ?,"The transport fees is 42,000."
what are the payment methods available at mgit ?,"You can either pay through DD or cash using challans."
hi hello namaste,"Welcome to MGIT Admission Bot! How can I assist you?"  
"What are the TSEAMCET 2024 first and last ranks for MGIT?","https://mgit.ac.in/wp-content/uploads/2025/03/TSEAMCET-2024-BATCH-FIRST-AND-LAST-RANK.pdf"
"Can you show me MGIT TSEAMCET cutoff ranks for 2024?","https://mgit.ac.in/wp-content/uploads/2025/03/TSEAMCET-2024-BATCH-FIRST-AND-LAST-RANK.pdf"
"Where can I download the MGIT TSEAMCET rank list?","https://mgit.ac.in/wp-content/uploads/2025/03/TSEAMCET-2024-BATCH-FIRST-AND-LAST-RANK.pdf"
"Where can I find the syllabus and regulations for MGIT?","https://mgit.ac.in/regulations-syllabus2/"
"Show me MGIT course syllabus and academic rules.","https://mgit.ac.in/regulations-syllabus2/"
"I need MGIT regulations and syllabus link.","https://mgit.ac.in/regulations-syllabus2/"
"Where can I find the MGIT academic calendar?","https://mgit.ac.in/academic-calendar/"
"Show me the latest MGIT academic calendar.","https://mgit.ac.in/academic-calendar/"
"How to view the MGIT academic schedule?","https://mgit.ac.in/academic-calendar/"
"Where can I check the MGIT fee circular for IV semester 2022-23 batch?","https://mgit.ac.in/wp-content/uploads/2024/07/FEE-CIRCULARS-IV-SEMESTER-III-YEAR-2022-23.pdf"
"Show me the MGIT fee notification for III Year IV Semester.","https://mgit.ac.in/wp-content/uploads/2024/07/FEE-CIRCULARS-IV-SEMESTER-III-YEAR-2022-23.pdf"
"Where can I find MGIT's latest fee circular for 2022-23?","https://mgit.ac.in/wp-content/uploads/2024/07/FEE-CIRCULARS-IV-SEMESTER-III-YEAR-2022-23.pdf"
"Can we bunk the classes?","Regular attendance is important at MGIT for academic success. It is advised to attend all classes."
"Can we enjoy at MGIT?","MGIT offers a vibrant campus life with technical fests, cultural events, and student clubs alongside academics!"
"Is MGIT a bad college?","MGIT is ranked among the top engineering colleges in Telangana with excellent faculty and infrastructure."
"Is attendance compulsory at MGIT?","Yes, maintaining minimum attendance is compulsory as per university regulations."
"Can we skip exams at MGIT?","No, exams are mandatory for evaluating your academic progress."
"Is ragging allowed at MGIT?","No. MGIT strictly follows anti-ragging laws to ensure student safety and a healthy campus environment."
"Are there parties every day at MGIT?","MGIT organizes official events occasionally, not daily. Focus is maintained on academics."
"Can we cheat in exams at MGIT?","Academic integrity is strictly followed at MGIT. Any malpractice will lead to serious action."
"Is MGIT a government college?","MGIT is a private autonomous institution, affiliated with JNTUH."
"Will seniors trouble juniors at MGIT?","No, MGIT has a friendly and respectful environment between seniors and juniors."
"Can we do whatever we want at MGIT?","MGIT encourages freedom within academic and disciplinary responsibilities."
"Are there fights between students at MGIT?","MGIT promotes a peaceful and respectful student environment."
"Can I bribe teachers for marks?","No. MGIT ensures academic integrity at all levels."
"Is it easy to pass without studying at MGIT?","Success at MGIT requires consistent effort and learning."
"Do teachers allow mass bunk at MGIT?","No. Regular attendance is mandatory for students."
"Is MGIT all about studying and no fun?","MGIT balances academics with plenty of extracurricular activities."
"Will I get internal marks easily at MGIT?","Internal marks are awarded based on genuine performance and attendance."
"Are mobile phones allowed in classes at MGIT?","Mobile phones are restricted during lectures to maintain focus."
"Can I copy assignments at MGIT?","Students are encouraged to submit original assignments."
"Does MGIT have too many rules?","MGIT maintains reasonable rules for academic discipline and campus safety."
"What is the average placement package at MGIT?","The average placement package at MGIT typically ranges between 4 to 5 LPA, depending on the branch and year."
"Which companies visit MGIT for campus placements?","Top recruiters include TCS, Infosys, Wipro, Capgemini, Accenture, Cognizant, and several startups and core companies."
"What is the placement percentage for CSE/IT/ECE branches?","Placement percentage for CSE and IT is around 85-90%, and for ECE it's around 75-80% in recent years."
"Does MGIT offer placement support for non-CS branches?","Yes, MGIT offers placement support for all branches, including Mechanical, Civil, and Biotechnology."
"Are placements at MGIT only for final-year students?","Yes, most placements are conducted for final-year students, although internship opportunities may be available for pre-final years."
"Does TCS or Infosys recruit from MGIT?","Yes, both TCS and Infosys are regular recruiters at MGIT and hire students from multiple branches."
"What was the highest package offered last year at MGIT?","The highest package offered last year was approximately 44 LPA by a product-based company."
"Which core companies visit MGIT for Mechanical or Civil Engineering?","Core companies like Cyient, L&T, and GMR recruit from Mechanical and Civil branches."
"What is the eligibility criteria for participating in placements?","Students must have a minimum of 60% throughout their academics and no active backlogs to be eligible for placements."
"Does MGIT offer any placement training or aptitude preparation?","Yes, MGIT provides placement training including aptitude, reasoning, group discussions, and interview skills."
"Is coding knowledge mandatory for all placements?","No, coding is essential for IT-related jobs, but not mandatory for roles in core or non-technical companies."
"How can I prepare for company-specific interviews at MGIT?","MGIT's placement cell provides resources, past questions, and training sessions tailored to specific companies."
"Are internship opportunities provided before placements?","Yes, MGIT encourages internships, and some companies offer them as part of their hiring process."
"Do any companies offer PPOs after internships?","Yes, companies like TCS Digital and Capgemini have offered Pre-Placement Offers (PPOs) to interns."
"What is the typical placement process followed at MGIT?","The process usually involves online tests, group discussions, technical interviews, and HR rounds."
"How do I register for placements at MGIT?","You can register through the MGIT placement portal or via announcements from the placement cell."
"Where can I find the placement schedule or calendar?","The placement schedule is shared by the Training & Placement Cell via email and college notice boards."
"What are the placement stats for ECE students?","ECE students have around 75-80% placement rate with opportunities in both IT and core companies."
"Do biotech or civil students get equal placement opportunities?","While opportunities are fewer compared to CSE, MGIT works with core companies to provide placement options for Biotech and Civil students."
"Who can I contact for placement-related queries at MGIT?","You can contact the Training & Placement Officer (TPO) or visit the Placement Cell office in Block C."
"Is there a placement brochure or statistics report available?","Yes, MGIT publishes a placement brochure every academic year with detailed statistics and recruiter lists."
"How many companies have visited MGIT for campus placements over the years?","Over 300 companies have visited MGIT for campus placements, recruiting more than 12,909 students across various disciplines in the past 21 years."
"Which top companies recruit students from MGIT?","Top recruiters at MGIT include Cognizant Technology Solutions, Deloitte, Infosys, JP Morgan Chase, Tech Mahindra, LTI MindTree, and Dell."
"What was the highest salary package offered at MGIT in recent years?","The highest salary package offered at MGIT in recent years was ₹70 LPA by RUBK Pvt Ltd during the 2021-22 academic year."
"What is the median salary package for MGIT placements?","The median salary package for MGIT placements in the 2021-22 academic year was ₹4,30,065."
"Does MGIT provide training for placements?","Yes, MGIT's Training & Placement Cell offers training in job-specific competencies, including aptitude, language, social skills, and core technologies."
"Are there any placement preparation programs at MGIT?","Yes, MGIT conducts pre-placement programs to enhance employment opportunities by providing focused inputs on current technologies and domains."
"How can students register for campus placements at MGIT?","Students can register for campus placements through the MGIT placement portal or by following announcements from the Training & Placement Cell."
"Where can I find the list of recruiting companies for MGIT?","The list of recruiting companies is available on the MGIT website under the 'Recruiting Companies' section."
"Does MGIT have a dedicated placement cell?","Yes, MGIT has a dedicated Training & Placement Cell that coordinates all placement activities and provides support to students."
"Are there any placement statistics available for different departments at MGIT?","Yes, MGIT provides department-wise placement statistics, including the number of students placed and salary packages, on its official website."
"What is the total area of the MGIT campus?","MGIT's campus spans 25 acres, offering a serene and green environment conducive to learning."
"How many classrooms and laboratories are available at MGIT?","MGIT has 66 classrooms and 78 laboratories equipped with modern facilities to support various engineering disciplines."
"Does MGIT have seminar halls and an auditorium?","Yes, MGIT features 7 seminar halls and an auditorium with a seating capacity of 350, facilitating various academic and cultural events."
"What computing facilities are available at MGIT?","The institute houses 1,272 computer systems across departments, all connected via LAN, with standby internet facilities and power backup."
"Is there Wi-Fi connectivity on the MGIT campus?","Yes, MGIT provides campus-wide high-speed Wi-Fi connectivity for students and staff."
"What library resources are available at MGIT?","MGIT's library boasts over 51,924 books, 12,278 titles, 236 international journals, and subscriptions to 390 e-journals through platforms like IEEE and Springer Link."
"Are there sports facilities at MGIT?","Yes, MGIT offers extensive sports facilities, including outdoor fields for football, cricket, basketball, and indoor games like table tennis and chess."
"Does MGIT have health and wellness facilities?","MGIT has a well-equipped Health Care Centre with a certified doctor and nurse, providing primary healthcare and emergency services, including a 24-hour ambulance facility."
"Are there any special facilities for girls at MGIT?","Yes, MGIT provides dedicated waiting rooms for girl students, ensuring their comfort and privacy on campus."
"Does MGIT have a canteen or cafeteria?","Yes, MGIT has a canteen and cafeteria that offer a variety of food options to students and staff."
"What computing facilities are available at MGIT?","The institute houses 1,272 computer systems across departments, all connected via LAN, with standby internet facilities and power backup."
"Is there Wi-Fi connectivity on the MGIT campus?","Yes, MGIT provides campus-wide high-speed Wi-Fi connectivity for students and staff."
"What library resources are available at MGIT?","MGIT's library boasts over 51,924 books, 12,278 titles, 236 international journals, and subscriptions to 390 e-journals through platforms like IEEE and Springer Link."
"Are there sports facilities at MGIT?","Yes, MGIT offers extensive sports facilities, including outdoor fields for football, cricket, basketball, and indoor games like table tennis and chess."
"Does MGIT have health and wellness facilities?","MGIT has a well-equipped Health Care Centre with a certified doctor and nurse, providing primary healthcare and emergency services, including a 24-hour ambulance facility."
"Are there any special facilities for girls at MGIT?","Yes, MGIT provides dedicated waiting rooms for girl students, ensuring their comfort and privacy on campus."
"Does MGIT have a canteen or cafeteria?","Yes, MGIT has a canteen and cafeteria that offer a variety of food options to students and staff."
"Does MGIT have a gymnasium?","Yes, MGIT has a well-equipped gymnasium to promote physical fitness among students and staff."
"Is there a yoga center at MGIT?","Yes, MGIT has a dedicated yoga center to encourage mental well-being and stress relief."
"Are there indoor sports facilities at MGIT?","Yes, MGIT provides indoor sports facilities including table tennis, carrom, and chess."
"Does MGIT have outdoor sports grounds?","Yes, MGIT has outdoor grounds for football, cricket, basketball, volleyball, and kho-kho."
"Are there any auditoriums at MGIT?","Yes, MGIT has both indoor and open-air auditoriums with capacities of 300 and 1000 respectively."
"Does MGIT have a music club?","Yes, MGIT has a music club that encourages students to participate in musical activities and events."
"Is there a dedicated NCC office at MGIT?","Yes, MGIT has a dedicated NCC office to coordinate National Cadet Corps activities."
"Are there facilities for cultural activities at MGIT?","Yes, MGIT provides ample facilities for cultural activities, including auditoriums and open spaces for events."
"Does MGIT have a digital library?","Yes, MGIT's library offers digital resources and e-journals accessible to students and staff."
"Are there any language labs at MGIT?","Yes, MGIT has language labs equipped with audio-visual aids to enhance communication skills."
"Does MGIT provide hostel facilities?","The information regarding hostel facilities is not specified on the official website."
"Are there transport facilities available at MGIT?","Yes, MGIT provides transport facilities for students and staff commuting from various parts of the city."
"Does MGIT have a dedicated research and development cell?","Yes, MGIT has an R&D cell that promotes research activities among students and faculty."
"Are there any incubation centers at MGIT?","The official website does not mention any incubation centers at MGIT."
"Does MGIT have facilities for differently-abled students?","The official website does not provide specific information about facilities for differently-abled students."
"Are there any conference rooms at MGIT?","Yes, MGIT has conference rooms equipped with modern facilities for meetings and seminars."
"Does MGIT have a placement cell?","Yes, MGIT has a dedicated Training & Placement Cell that coordinates placement activities and provides support to students."
"Are there any innovation labs at MGIT?","The official website does not mention any specific innovation labs at MGIT."
"Does MGIT have a cafeteria?","Yes, MGIT has a cafeteria that offers a variety of food options to students and staff."
"Are there any student lounges at MGIT?","The official website does not provide information about student lounges."
"Does MGIT have a medical center?","Yes, MGIT has a Health Care Centre with medical facilities for students and staff."
"Are there any ATMs on the MGIT campus?","The official website does not mention the presence of ATMs on campus."
"Does MGIT have a bookstore?","The official website does not provide information about a bookstore on campus."
"Are there any photocopying facilities at MGIT?","Yes, MGIT provides printers and copiers with power backup facility for students and staff."
"Does MGIT have a career development cell?","Yes, MGIT has a Career Development Cell that assists students with career planning and development."
"Are there any seminar halls at MGIT?","Yes, MGIT has 7 seminar halls equipped with modern facilities for academic events."
"Does MGIT have a sports complex?","While MGIT has various sports facilities, the official website does not mention a centralized sports complex."
"Are there any art studios at MGIT?","The official website does not provide information about art studios."
"Does MGIT have an auditorium?","Yes, MGIT has an indoor auditorium with a seating capacity of 300 and an open-air auditorium with a capacity of 1000."
"Are there any computer labs at MGIT?","Yes, MGIT has multiple computer labs across departments with a total of 1,272 computer systems."
"Does MGIT have a robotics lab?","The official website does not mention a dedicated robotics lab."
"Are there any environmental clubs at MGIT?","The official website does not provide information about environmental clubs."
"Does MGIT have a debating society?","The official website does not mention a debating society."
"Are there any photography clubs at MGIT?","The official website does not provide information about photography clubs."
"Does MGIT have a drama club?","Yes,the Spotlight."
"Are there any dance clubs at MGIT?","Yes,Beat cruisers."
"Does MGIT have a student council?","The official website does not mention a student council."
"Are there any technical clubs at MGIT?","Yes, MGIT has various technical clubs and societies that organize events and workshops."
"Are there any meditation centers at MGIT?","The official website does not provide information about meditation centers."
"Is the MGIT campus eco-friendly?","MGIT promotes eco-friendly initiatives like rainwater harvesting and maintaining green spaces on campus."
"Does MGIT have renewable energy sources?","MGIT is exploring renewable energy options such as solar panels to reduce its carbon footprint."
"Are the laboratories at MGIT equipped with modern instruments?","Yes, MGIT laboratories are well-equipped with modern instruments to support academic and research activities."
"Does MGIT provide software licenses for students?","MGIT provides access to essential software licenses through department labs and centralized computing facilities."
"Is there a 24/7 security system at MGIT?","The campus is monitored 24/7 with security personnel and CCTV surveillance to ensure student safety."
"Are there fire safety measures in place at MGIT?","Yes, MGIT has installed fire extinguishers and conducts regular fire drills to maintain safety standards."
"Does MGIT have hostel accommodation for girls?","MGIT offers separate hostel facilities for female students with secure and comfortable accommodations."
"Are there parking facilities on campus?","Yes, there are designated parking areas for students, staff, and visitors within the campus."
"Is the campus wheelchair accessible?","MGIT has ramps and accessible pathways to support differently-abled students and visitors."
"Does MGIT have an alumni center?","MGIT is planning to develop an alumni center to foster stronger connections with its graduates."
"Are there collaborative spaces for group studies?","Yes, there are multiple seminar halls and common rooms available for group discussions and projects."
"Does MGIT offer lab assistantships to students?","Some departments provide lab assistantships to encourage student participation in research activities."
"Are there any smart classrooms at MGIT?","MGIT has equipped several classrooms with projectors and smart boards to facilitate interactive learning."
"Is the campus equipped with backup power generators?","Power backup systems are installed in critical areas to ensure uninterrupted academic activities."
"Does MGIT have an eco-club?","Yes, the MGIT Eco-Club actively organizes awareness programs and sustainability initiatives on campus."
"Are there dedicated computer centers for programming practice?","Several computer labs are available for students to practice programming and software development."
"Is there a central workshop at MGIT?","MGIT maintains a central workshop that supports practical engineering training and project work."
"Does MGIT have digital notice boards?","Some departments have started implementing digital notice boards for easy information dissemination."
"Are there facilities for conducting online exams?","MGIT has the necessary infrastructure to conduct online examinations securely and efficiently."
"Does MGIT provide transportation for sports teams?","Transportation support is provided for sports teams during inter-college events and tournaments."
"Are there language training programs at MGIT?","Language labs and communication skills workshops are offered to improve student proficiency."
"Does MGIT have a grievance redressal system?","Yes, MGIT has a formal grievance redressal cell to address student and staff concerns promptly."
"Is there a campus-wide intercom system?","A campus-wide intercom system is available for quick communication during emergencies and events."
"Does MGIT have a staff recreation room?","There is a staff lounge where faculty and staff can relax and interact during breaks."
"Are there career counseling services at MGIT?","The placement cell provides dedicated career counseling and mentorship services to students."
"Does MGIT have eco-friendly transport options?","The institute encourages carpooling and use of bicycles to reduce campus emissions."
"Is there a printing and binding service available?","Students have access to printing and binding services within the campus premises."
"Are there special study rooms for postgraduate students?","Postgraduate students have access to quiet study areas and research labs tailored to their needs."
"Does MGIT have a meditation or prayer room?","Separate prayer and meditation rooms are available to cater to the spiritual needs of students."
"Are there any weather monitoring facilities on campus?","MGIT is equipped with basic weather monitoring instruments to support academic projects."
"Does MGIT have a faculty club?","A faculty club exists for academic and social events, fostering community among staff."
"Are there any clubs promoting innovation and entrepreneurship?","MGIT encourages innovation through dedicated clubs and supports student startups with mentorship."
"Does MGIT provide transport for faculty?","Faculty members have access to transportation facilities within and around the campus."
"Are there digital classrooms with smartboards at MGIT?","Many classrooms have been upgraded with smartboards to enhance the teaching experience."
"Does MGIT provide access to simulation software?","MGIT provides licensed simulation software in various labs for hands-on training."
"Are there any bicycle facilities on campus?","Bicycle racks and rental services are available to promote sustainable commuting."
"Does MGIT have a dedicated placement training center?","The placement cell conducts regular training sessions to prepare students for recruitment drives."
"Are there any bio labs at MGIT?","MGIT has well-maintained biology and related science laboratories for practical learning."
"Does MGIT have CCTV surveillance?","The campus is secured with CCTV cameras covering all major areas."
"Is there a student health insurance scheme at MGIT?","MGIT offers health insurance schemes for students in collaboration with medical providers."
"Does MGIT provide internet access in hostels?","Hostel residents have access to high-speed Wi-Fi connectivity."
"Are there any food courts on campus?","MGIT has multiple cafeterias and food stalls catering to diverse tastes."
"Is there a lost and found service at MGIT?","A dedicated lost and found section operates at the administrative office."
"Does MGIT organize campus cleanliness drives?","Regular cleanliness drives are conducted as part of the Swachh Bharat mission."
"Are there dedicated parking spots for differently-abled individuals?","Parking spots for differently-abled persons are reserved close to main buildings."
"Does MGIT have tie-ups with other institutes for infrastructure sharing?","MGIT collaborates with nearby institutes for shared use of specialized equipment."
"Are the classrooms air-conditioned?","Some lecture halls and labs are air-conditioned to provide comfort during hot months."
"Does MGIT have a guest house for visitors?","A guest house facility is available for visiting faculty and guests."
"Are there facilities for conducting workshops and conferences?","Seminar halls and auditoriums are available for organizing workshops and conferences."
"How many departments does MGIT have?","MGIT has over 10 academic departments covering engineering and sciences."
"Are the faculty members PhD qualified?","Most faculty members hold PhDs or are pursuing doctoral research."
"Does MGIT have visiting professors?","MGIT invites visiting professors for guest lectures and workshops regularly."
"Are faculty involved in research projects?","Yes, faculty actively participate in funded research and publish papers."
"Does MGIT have research centers?","MGIT houses specialized research centers in areas like AI and VLSI design."
"Are there student internships supervised by faculty?","Faculty coordinate with industry partners to provide internship opportunities."
"Does MGIT conduct faculty development programs?","Regular FDPs are organized to update teaching methodologies."
"Is there a mentorship program at MGIT?","Students are assigned faculty mentors for academic and career guidance."
"Does MGIT offer PhD programs?","MGIT offers PhD programs in select engineering disciplines."
"Are there collaborations with industry for research?","MGIT partners with industries for joint research and consultancy projects."
"Is there a research publication support system?","Yes, MGIT encourages publication by providing grants and conference funding."
"Does MGIT have tie-ups with foreign universities?","MGIT has MOUs with some international universities for student exchange."
"Are there advanced laboratories for research?","Dedicated research labs with modern equipment are available."
"Does MGIT provide access to scientific journals?","Students and faculty have access to various paid and open-access journals."
"Are there workshops on recent technologies?","MGIT regularly conducts workshops on emerging technologies like AI, IoT, and Blockchain."
"Does MGIT support student research projects?","Yes, students are encouraged to undertake research under faculty supervision."
"Are final year projects guided by faculty?","Faculty actively mentor students through final year project development."
"Does MGIT have patents filed?","MGIT faculty and students have filed several patents in innovative domains."
"Are there academic clubs in MGIT?","Yes, MGIT hosts technical clubs for coding, robotics, and electronics."
"Does MGIT conduct faculty appraisal annually?","Faculty undergo regular performance appraisals to maintain teaching quality."
"Is there a digital library available?","MGIT has a digital library with access to e-books and online resources."
"Does MGIT encourage interdisciplinary studies?","Interdisciplinary projects and courses are promoted for holistic learning."
"Are there MOOC integration programs?","MGIT integrates MOOCs into its curriculum for skill enhancement."
"Does MGIT conduct entrance tests for admissions?","Admissions are primarily based on state or national entrance exams."
"Are there scholarships for meritorious students?","MGIT offers scholarships and financial aid for deserving candidates."
"Is attendance mandatory for classes?","Yes, regular attendance is required as per academic regulations."
"Does MGIT have a strong alumni network in academics?","MGIT alumni are actively involved in academia and research worldwide."
"Are faculty accessible outside class hours?","Faculty hold regular office hours for student interaction."
"Is there a student exchange program?","MGIT facilitates exchange programs with partner institutions."
"Does MGIT have an academic calendar published?","The academic calendar is published online and updated regularly."
"Are there specialized courses in emerging technologies?","Yes, electives on AI, Data Science, and Cybersecurity are offered."
"Does MGIT conduct seminars by external experts?","Frequent seminars and guest lectures by industry experts are organized."
"Are there language proficiency courses?","Courses in communication skills and technical English are available."
"Does MGIT support competitive exam preparation?","The institute offers coaching for GATE, GRE, and other exams."
"Is there a research grant available for students?","Selected student projects receive financial support from MGIT."
"Does MGIT have patent filing support?","Patent filing support is provided through the innovation cell."
"Are faculty encouraged to attend conferences?","Faculty are sponsored to present papers at national and international conferences."
"Is there a faculty-student research collaboration?","Collaborative research projects between faculty and students are common."
"Does MGIT have a structured syllabus?","Curricula are designed and periodically updated as per academic guidelines."
"Are there practical lab sessions for every subject?","Most subjects include hands-on lab sessions to reinforce learning."
"Does MGIT offer online classes?","MGIT conducts online classes and hybrid learning during special circumstances."
"Are evaluation and grading transparent?","Transparent assessment procedures and internal evaluations are followed."
"Does MGIT have a feedback system for courses?","Students provide feedback for course improvement every semester."
"Is the faculty-to-student ratio adequate?","MGIT maintains a favorable faculty-to-student ratio to ensure quality education."
"Are there academic awards for excellence?","Top-performing students and faculty are recognized with academic awards."
"Does MGIT offer training for research methodology?","Workshops on research techniques and paper writing are held regularly."
"Are there interdisciplinary research grants?","Grants are available to encourage interdisciplinary research projects."
"Does MGIT have incubation facilities?","An incubation center supports startups and innovation among students."
"What is the intake capacity for Computer Science Engineering at MGIT?","The intake for Computer Science Engineering is 180 students per year."
"What is the intake capacity for Electronics and Communication Engineering at MGIT?","The Electronics and Communication Engineering department admits 180 students annually."
"What is the intake for Mechanical Engineering at MGIT?","Mechanical Engineering typically has an intake of 60 students each year."
"What is the intake capacity for Civil Engineering at MGIT?","The Civil Engineering department usually admits 60 students per year."
"What is the annual intake for Information Technology at MGIT?","Information Technology admits 60 students every year."
"What is the student intake for Electrical and Electronics Engineering at MGIT?","Electrical and Electronics Engineering has an intake of 60 students annually."
"What is the intake for Artificial Intelligence and Data Science at MGIT?","The Artificial Intelligence and Data Science department admits 60 students yearly."
"What is the intake capacity for Chemical Engineering at MGIT?","Chemical Engineering typically admits 60 students per year."
"How many students are admitted to the Metallurgical Engineering department at MGIT?","Metallurgical Engineering has an annual intake of 60 students."
"What is the total annual intake capacity for all departments at MGIT?","The total intake capacity across all departments at MGIT is approximately 840 students."
what is the  collage fees or cost per annum?,"The fees per annum is 1,60,000 plus 5,500 library fees." 
what is the  collage fees or cost per annum?,"The fees per annum is 1,60,000 plus 5,500 library fees." 
what is the  collage fees or cost per annum?,"The fees per annum is 1,60,000 plus 5,500 library fees." 
what is the  collage fees or cost per annum?,"The fees per annum is 1,60,000 plus 5,500 library fees." 
what is the  collage fees or cost per annum?,"The fees per annum is 1,60,000 plus 5,500 library fees." 
what is the  collage fees or cost per annum?,"The fees per annum is 1,60,000 plus 5,500 library fees." 
what is the  collage fees or cost per annum?,"The fees per annum is 1,60,000 plus 5,500 library fees." 
what is the  collage fees or cost per annum?,"The fees per annum is 1,60,000 plus 5,500 library fees." 
what is the  collage fees or cost per annum?,"The fees per annum is 1,60,000 plus 5,500 library fees." 